,Calories,Moisture,Protein,Saturated_fat,Carbohydrate,Dietary_fiber,Mg,Fe,Zn,VitaminA,VitaminB_group,Fatty_acid_S,Fatty_acid_M,Fatty_acid_P
ClusterA,-0.06594546605106030,-0.03174878946210200,-0.015528558321749700,-0.04795615593295320,-0.04795641913603350,-0.3189181963253490,-0.36560196185950500,0.5458561441998960,-0.44732499362393100,-0.4473249936239260,-0.4473249936239260,-0.04795615593295320,-0.04795636467472720,-0.047953272271042200
ClusterB,0.3736985967958380,0.1494621130626090,0.1489262079236270,0.12239055524522000,0.12239087878292700,0.45897239320448900,0.46039946842620900,0.36900344419064100,0.47529795342807800,0.4752979534280730,0.4752979534280730,0.12239055524522000,0.12239080641111200,0.1223831368783710
ClusterC,-0.808560943322957,-0.3648891353473390,-0.36116251764722300,-0.31499999925609200,-0.31500079053426300,0.4040513414432590,0.4271990489304000,-0.07765657622408290,0.4703659444360890,0.4703659444360850,0.4703659444360840,-0.31499999925609200,-0.3150005337696590,-0.3149808435778030
ClusterD,0.2895466099189730,0.01936915602744480,0.0007165124104087790,0.008363863468172320,0.008364195082817120,-0.4735083900651100,-0.44120708539377400,-0.957184468025312,-0.3999964371112030,-0.3999964371111990,-0.3999964371111990,0.008363863468172310,0.008364368393943280,0.008363484036418580